area,slug,title,meta_description,focus_keywords
Maninagar,maninagar-ahmedabad-street-food,Best Street Food in Maninagar Ahmedabad | IndiaFoodMap,"Discover the best street food stalls in Maninagar Ahmedabad with timings, menu, reviews, and easy map directions on IndiaFoodMap.","maninagar street food, best street food in maninagar ahmedabad, food stalls in maninagar"
Navrangpura,navrangpura-ahmedabad-street-food,Best Street Food in Navrangpura Ahmedabad | IndiaFoodMap,"Find top street food stalls in Navrangpura Ahmedabad including chaat, pav bhaji, and late-night options with map location.","navrangpura street food, food stalls in navrangpura ahmedabad, best food in navrangpura"
Satellite,satellite-ahmedabad-street-food,Best Street Food in Satellite Ahmedabad | IndiaFoodMap,"Explore popular street food places in Satellite Ahmedabad with updated timings, menu highlights, and customer reviews.","satellite street food, best street food in satellite ahmedabad, satellite food stalls"
Vastrapur,vastrapur-ahmedabad-street-food,Best Street Food in Vastrapur Ahmedabad | IndiaFoodMap,"Discover must-try street food in Vastrapur Ahmedabad with verified vendor listings, photos, and quick directions.","vastrapur street food, food stalls in vastrapur ahmedabad, best food in vastrapur"
Bopal,bopal-ahmedabad-street-food,Best Street Food in Bopal Ahmedabad | IndiaFoodMap,"Find affordable and famous street food stalls in Bopal Ahmedabad with opening hours, menu, and map-based discovery.","bopal street food, best food stalls in bopal ahmedabad, bopal local food"
South Bopal,south-bopal-ahmedabad-street-food,Best Street Food in South Bopal Ahmedabad | IndiaFoodMap,"Browse top-rated street food stalls in South Bopal Ahmedabad and check what is open now near your location.","south bopal street food, food stalls in south bopal ahmedabad, open now food south bopal"
Thaltej,thaltej-ahmedabad-street-food,Best Street Food in Thaltej Ahmedabad | IndiaFoodMap,"Explore best street food spots in Thaltej Ahmedabad with live map search, menu details, and review insights.","thaltej street food, best street food in thaltej ahmedabad, thaltej food stalls"
Prahlad Nagar,prahlad-nagar-ahmedabad-street-food,Best Street Food in Prahlad Nagar Ahmedabad | IndiaFoodMap,"Discover famous street food in Prahlad Nagar Ahmedabad with easy directions, timings, and nearby vendor options.","prahlad nagar street food, food stalls in prahlad nagar ahmedabad, best food prahlad nagar"
CG Road,cg-road-ahmedabad-street-food,Best Street Food on CG Road Ahmedabad | IndiaFoodMap,"Find trending street food stalls on CG Road Ahmedabad with popular snacks, late-night choices, and route guidance.","cg road street food, best food on cg road ahmedabad, cg road food stalls"
Law Garden,law-garden-ahmedabad-street-food,Best Street Food near Law Garden Ahmedabad | IndiaFoodMap,"Explore iconic street food near Law Garden Ahmedabad with famous local dishes, timings, and verified vendor pages.","law garden street food, best food near law garden ahmedabad, law garden stalls"
Ellisbridge,ellisbridge-ahmedabad-street-food,Best Street Food in Ellisbridge Ahmedabad | IndiaFoodMap,"Discover top street food places in Ellisbridge Ahmedabad with menu highlights, reviews, and easy map navigation.","ellisbridge street food, food stalls in ellisbridge ahmedabad, best food ellisbridge"
Paldi,paldi-ahmedabad-street-food,Best Street Food in Paldi Ahmedabad | IndiaFoodMap,"Find local favorite street food stalls in Paldi Ahmedabad with timings, photos, and nearby route options.","paldi street food, best food stalls in paldi ahmedabad, paldi local food"
Naranpura,naranpura-ahmedabad-street-food,Best Street Food in Naranpura Ahmedabad | IndiaFoodMap,"Browse best street food in Naranpura Ahmedabad including quick bites, evening snacks, and family-friendly options.","naranpura street food, food stalls in naranpura ahmedabad, best snacks naranpura"
Memnagar,memnagar-ahmedabad-street-food,Best Street Food in Memnagar Ahmedabad | IndiaFoodMap,"Discover popular street food stalls in Memnagar Ahmedabad with trusted listings, reviews, and map-based discovery.","memnagar street food, best food in memnagar ahmedabad, memnagar food stalls"
Sabarmati,sabarmati-ahmedabad-street-food,Best Street Food in Sabarmati Ahmedabad | IndiaFoodMap,"Find famous and affordable street food stalls in Sabarmati Ahmedabad with timings, menu details, and directions.","sabarmati street food, food stalls in sabarmati ahmedabad, best street food sabarmati"
Chandkheda,chandkheda-ahmedabad-street-food,Best Street Food in Chandkheda Ahmedabad | IndiaFoodMap,"Explore top street food in Chandkheda Ahmedabad with open-now filters, local reviews, and quick route guidance.","chandkheda street food, best food in chandkheda ahmedabad, chandkheda food stalls"
Motera,motera-ahmedabad-street-food,Best Street Food in Motera Ahmedabad | IndiaFoodMap,"Discover best street food stalls in Motera Ahmedabad, from evening snacks to late-night food options near you.","motera street food, food stalls in motera ahmedabad, best food in motera"
Naroda,naroda-ahmedabad-street-food,Best Street Food in Naroda Ahmedabad | IndiaFoodMap,"Find trusted street food vendors in Naroda Ahmedabad with menu insights, timings, and map-based directions.","naroda street food, best food stalls in naroda ahmedabad, naroda local food"
Manek Chowk,manek-chowk-ahmedabad-street-food,Best Street Food in Manek Chowk Ahmedabad | IndiaFoodMap,"Explore the iconic Manek Chowk Ahmedabad street food scene with top stalls, timings, and local favorites.","manek chowk street food, best food in manek chowk ahmedabad, night food manek chowk"
Sarkhej,sarkhej-ahmedabad-street-food,Best Street Food in Sarkhej Ahmedabad | IndiaFoodMap,"Discover popular street food stalls in Sarkhej Ahmedabad with verified listings, menu details, and location support.","sarkhej street food, food stalls in sarkhej ahmedabad, best snacks sarkhej"
Juhapura,juhapura-ahmedabad-street-food,Best Street Food in Juhapura Ahmedabad | IndiaFoodMap,"Find local street food gems in Juhapura Ahmedabad with route directions, timings, and quick contact options.","juhapura street food, best food in juhapura ahmedabad, food stalls juhapura"
Kankaria,kankaria-ahmedabad-street-food,Best Street Food near Kankaria Ahmedabad | IndiaFoodMap,"Explore street food near Kankaria Ahmedabad with popular vendors, menu options, and easy map navigation.","kankaria street food, food stalls near kankaria ahmedabad, best food kankaria"
Gota,gota-ahmedabad-street-food,Best Street Food in Gota Ahmedabad | IndiaFoodMap,"Discover top-rated street food vendors in Gota Ahmedabad with open-now status, menu highlights, and reviews.","gota street food, best food in gota ahmedabad, gota food stalls"
Bodakdev,bodakdev-ahmedabad-street-food,Best Street Food in Bodakdev Ahmedabad | IndiaFoodMap,"Find famous street food stalls in Bodakdev Ahmedabad with verified local listings, timings, and directions.","bodakdev street food, food stalls in bodakdev ahmedabad, best snacks bodakdev"
Ranip,ranip-ahmedabad-street-food,Best Street Food in Ranip Ahmedabad | IndiaFoodMap,"Explore local street food in Ranip Ahmedabad with trusted vendor pages, menu details, and map-based search.","ranip street food, best food stalls in ranip ahmedabad, ranip local food"
